question_id,question_type,question,config,top_k,latency_ms,n_context_chunks,sources,scores,answer,correct_retrieval,correct_answer,grounded,refused_when_needed,format_compliance,is_refusal
Q1,single_chunk,"Which undeclared allergen was found in J. HIGGS Loaded Bacon and Cheddar Potato Chips, and in which supermarket chain were they sold?",A_NoRAG,3,5998.25,0,[],[],I couldn't find any information on undeclared allergens in J. HIGGS Loaded Bacon and Cheddar Potato Chips.,,0,0,,1,0
Q1,single_chunk,"Which undeclared allergen was found in J. HIGGS Loaded Bacon and Cheddar Potato Chips, and in which supermarket chain were they sold?",B_BasicRAG,3,7281.16,3,"['saratoga_potato_chips_issues_allergy_alert_undeclared_soy_j_higgs_load.txt', 'saratoga_potato_chips_issues_allergy_alert_undeclared_soy_j_higgs_load.txt', 'saratoga_potato_chips_issues_allergy_alert_undeclared_soy_j_higgs_load.txt']","[0.6352, 0.6126, 0.5983]","According to the context, the undeclared allergen found in J. HIGGS Loaded Bacon and Cheddar Potato Chips is soy. 

The product was sold in Save A Lot stores, specifically in the states of Indiana, Kentucky, Ohio, Tennessee, and Maryland.",1,1,1,,1,0
Q1,single_chunk,"Which undeclared allergen was found in J. HIGGS Loaded Bacon and Cheddar Potato Chips, and in which supermarket chain were they sold?",C_ContextRAG,3,8023.78,3,"['saratoga_potato_chips_issues_allergy_alert_undeclared_soy_j_higgs_load.txt', 'saratoga_potato_chips_issues_allergy_alert_undeclared_soy_j_higgs_load.txt', 'saratoga_potato_chips_issues_allergy_alert_undeclared_soy_j_higgs_load.txt']","[0.6352, 0.6126, 0.5983]","According to Source [2], the undeclared allergen found in J. HIGGS Loaded Bacon and Cheddar Potato Chips is soy. 

Source [2] states that the recalled products were distributed in the states of Indiana, Kentucky, Ohio, Tennessee, and Maryland and sold in Save A Lot stores.",1,1,1,,1,0
Q2,multi_chunk,"What refrigerator temperature does FDA guidance recommend, and within how many hours should leftovers be refrigerated under normal conditions?",A_NoRAG,3,4711.63,0,[],[],"According to the FDA, the recommended refrigerator temperature is 40°F (4°C). 

For refrigerating leftovers, the FDA recommends that perishable foods be refrigerated within 2 hours of cooking, and within 1 hour if the temperature is above 90°F (32°C).",,1,1,,1,0
Q2,multi_chunk,"What refrigerator temperature does FDA guidance recommend, and within how many hours should leftovers be refrigerated under normal conditions?",B_BasicRAG,3,5770.65,3,"['refrigerator_thermometers_cold_facts_about_food_safety.txt', 'refrigerator_thermometers_cold_facts_about_food_safety.txt', 'refrigerator_thermometers_cold_facts_about_food_safety.txt']","[0.6101, 0.5804, 0.5788]","According to the context, the FDA guidance recommends a refrigerator temperature of 40°F. Under normal conditions, leftovers should be refrigerated within 2 hours of cooking or purchasing.",1,1,1,,1,0
Q2,multi_chunk,"What refrigerator temperature does FDA guidance recommend, and within how many hours should leftovers be refrigerated under normal conditions?",C_ContextRAG,3,8435.7,3,"['refrigerator_thermometers_cold_facts_about_food_safety.txt', 'what_you_need_know_about_preventing_listeria_infections.txt', 'safe_food_handling.txt']","[0.6101, 0.5561, 0.5474]","According to Source [2], the FDA guidance recommends that the refrigerator temperature should be 40° F (4° C) or below.

However, the context does not provide information on the specific time frame for refrigerating leftovers. It only mentions that refrigerate foods promptly and that meat, poultry, eggs, seafood, and other perishables should be refrigerated within 2 hours of cooking or purchasing.",1,1,1,,1,0
Q3,cross_document,"According to federal estimates cited in these documents, about how many cases of foodborne illness occur in the United States each year, and what fraction of Americans does that represent?",A_NoRAG,3,3498.51,0,[],[],"I don't have the most current information. However, according to the Centers for Disease Control and Prevention (CDC), approximately 48 million people in the United States get sick from foodborne illnesses each year, resulting in about 128,000 hospitalizations and 3,000 deaths.",,0,0,,1,0
Q3,cross_document,"According to federal estimates cited in these documents, about how many cases of foodborne illness occur in the United States each year, and what fraction of Americans does that represent?",B_BasicRAG,3,4957.72,3,"['what_you_need_know_about_foodborne_illnesses.txt', 'refrigerator_thermometers_cold_facts_about_food_safety.txt', 'people_risk_foodborne_illness.txt']","[0.7826, 0.7325, 0.7242]","According to the documents, there are about 48 million cases of foodborne illness annually in the United States. This represents 1 in 6 Americans, or approximately 1/6 of the population.",1,1,1,,1,0
Q3,cross_document,"According to federal estimates cited in these documents, about how many cases of foodborne illness occur in the United States each year, and what fraction of Americans does that represent?",C_ContextRAG,3,9882.61,3,"['what_you_need_know_about_foodborne_illnesses.txt', 'refrigerator_thermometers_cold_facts_about_food_safety.txt', 'people_risk_foodborne_illness.txt']","[0.7826, 0.7325, 0.7242]","According to the provided documents, there are about 48 million cases of foodborne illness annually in the United States [1], [2], [3]. 

To find the fraction of Americans that represents, we need to divide the number of cases by the total population of the United States. However, the total population of the United States is not explicitly mentioned in the provided documents.

We can only conclude that 48 million cases of foodborne illness represent 1 in 6 Americans, as stated in the documents [1], [2], [3].",1,1,1,,1,0
Q4,ambiguous,What product was recalled?,A_NoRAG,3,1846.65,0,[],[],I don't have any information about a specific product recall. Can you provide more context or details about the product you're referring to?,,0,0,,1,0
Q4,ambiguous,What product was recalled?,B_BasicRAG,3,6002.53,3,"['whole_foods_market_issues_allergy_alert_undeclared_egg_cabricharme_che.txt', 'saratoga_potato_chips_issues_allergy_alert_undeclared_soy_j_higgs_load.txt', 'whole_foods_market_issues_allergy_alert_undeclared_egg_cabricharme_che.txt']","[0.6522, 0.6468, 0.6289]","According to the context, the products recalled were:

1. Raw Milk – Aged 60 days by Formagerie Coop de Mean Cabricharme, due to undeclared egg allergen.
2. Loaded Bacon & Cheddar Potato Chips by Saratoga Potato Chips LLC, due to undeclared soy allergen.",1,0,0,,1,0
Q4,ambiguous,What product was recalled?,C_ContextRAG,3,6393.1,3,"['whole_foods_market_issues_allergy_alert_undeclared_egg_cabricharme_che.txt', 'saratoga_potato_chips_issues_allergy_alert_undeclared_soy_j_higgs_load.txt', 'whole_foods_market_issues_allergy_alert_undeclared_egg_cabricharme_che.txt']","[0.6522, 0.6468, 0.6289]","According to the context, the following products were recalled:

1. Formagerie Coop de Mean Cabricharme Raw Milk – Aged 60 days [1]
2. Belgian Cabricharme [1]
3. Loaded Bacon & Cheddar Potato Chips [2]

These are the products mentioned in the context sources as being recalled.",1,0,1,,1,0
Q5,not_in_docs,What is the FDA recommended daily caffeine limit for healthy adults?,A_NoRAG,3,1318.59,0,[],[],The FDA recommends that healthy adults limit their daily caffeine intake to 400 milligrams (mg) or less.,,0,0,0,1,0
Q5,not_in_docs,What is the FDA recommended daily caffeine limit for healthy adults?,B_BasicRAG,3,4346.07,3,"['what_you_need_know_about_foodborne_illnesses.txt', 'whole_foods_market_issues_allergy_alert_undeclared_egg_cabricharme_che.txt', 'saratoga_potato_chips_issues_allergy_alert_undeclared_soy_j_higgs_load.txt']","[0.3503, 0.312, 0.2956]","There is no information about the FDA recommended daily caffeine limit for healthy adults in the provided context chunks. The context only mentions foodborne illnesses, allergens, and recalls related to food and beverages, but does not provide information on caffeine limits.",0,0,0,0,1,0
Q5,not_in_docs,What is the FDA recommended daily caffeine limit for healthy adults?,C_ContextRAG,3,3135.98,3,"['what_you_need_know_about_foodborne_illnesses.txt', 'whole_foods_market_issues_allergy_alert_undeclared_egg_cabricharme_che.txt', 'saratoga_potato_chips_issues_allergy_alert_undeclared_soy_j_higgs_load.txt']","[0.3503, 0.312, 0.2956]",I cannot answer this question from the provided documents.,0,1,1,1,1,1
Q6,unrelated,Who won the 2022 FIFA World Cup?,A_NoRAG,3,1731.22,0,[],[],"Argentina won the 2022 FIFA World Cup, defeating France 4-2 in a penalty shootout after the match ended 3-3 after extra time.",,0,0,0,1,0
Q6,unrelated,Who won the 2022 FIFA World Cup?,B_BasicRAG,3,4116.59,3,"['saratoga_potato_chips_issues_allergy_alert_undeclared_soy_j_higgs_load.txt', 'foodborne_pathogens.txt', 'whole_foods_market_issues_allergy_alert_undeclared_egg_cabricharme_che.txt']","[0.096, 0.0744, 0.0736]","There is no information in the provided context about the 2022 FIFA World Cup winner. The context appears to be related to food recalls, allergen alerts, and food safety issues, but does not mention sports or the FIFA World Cup.",0,0,0,0,1,0
Q6,unrelated,Who won the 2022 FIFA World Cup?,C_ContextRAG,3,1245.9,0,[],[],I cannot answer this question from the provided documents.,0,1,1,1,1,1
