version,page_size,request_index,status,query_count,latency_ms
naive,10,0,200,11,7.45
naive,10,1,200,11,6.353
naive,10,2,200,11,6.584
naive,10,3,200,11,6.985
naive,10,4,200,11,5.708
naive,10,5,200,11,5.486
naive,10,6,200,11,5.526
naive,10,7,200,11,5.514
naive,10,8,200,11,5.686
naive,10,9,200,11,5.668
naive,10,10,200,11,5.905
naive,10,11,200,11,5.618
naive,10,12,200,11,5.749
naive,10,13,200,11,5.913
naive,10,14,200,11,5.812
naive,10,15,200,11,6.114
naive,10,16,200,11,6.437
naive,10,17,200,11,6.047
naive,10,18,200,11,5.627
naive,10,19,200,11,5.935
naive,10,20,200,11,6.085
naive,10,21,200,11,5.958
naive,10,22,200,11,5.978
naive,10,23,200,11,6.315
naive,10,24,200,11,6.019
naive,10,25,200,11,6.082
naive,10,26,200,11,6.164
naive,10,27,200,11,5.525
naive,10,28,200,11,5.889
naive,10,29,200,11,5.746
naive,50,0,200,51,20.386
naive,50,1,200,51,20.846
naive,50,2,200,51,21.425
naive,50,3,200,51,20.746
naive,50,4,200,51,19.975
naive,50,5,200,51,20.632
naive,50,6,200,51,20.803
naive,50,7,200,51,20.167
naive,50,8,200,51,19.77
naive,50,9,200,51,18.654
naive,50,10,200,51,18.241
naive,50,11,200,51,19.525
naive,50,12,200,51,19.845
naive,50,13,200,51,18.52
naive,50,14,200,51,19.243
naive,50,15,200,51,19.663
naive,50,16,200,51,18.92
naive,50,17,200,51,19.408
naive,50,18,200,51,19.695
naive,50,19,200,51,21.042
naive,50,20,200,51,20.749
naive,50,21,200,51,19.074
naive,50,22,200,51,20.406
naive,50,23,200,51,20.528
naive,50,24,200,51,20.908
naive,50,25,200,51,19.88
naive,50,26,200,51,19.204
naive,50,27,200,51,18.706
naive,50,28,200,51,19.632
naive,50,29,200,51,18.872
naive,200,0,200,201,69.23
naive,200,1,200,201,71.964
naive,200,2,200,201,68.636
naive,200,3,200,201,68.136
naive,200,4,200,201,68.474
naive,200,5,200,201,65.263
naive,200,6,200,201,69.128
naive,200,7,200,201,69.18
naive,200,8,200,201,68.935
naive,200,9,200,201,64.872
naive,200,10,200,201,65.902
naive,200,11,200,201,64.097
naive,200,12,200,201,66.185
naive,200,13,200,201,63.549
naive,200,14,200,201,64.774
naive,200,15,200,201,63.472
naive,200,16,200,201,65.717
naive,200,17,200,201,63.788
naive,200,18,200,201,68.946
naive,200,19,200,201,69.302
naive,200,20,200,201,68.87
naive,200,21,200,201,69.158
naive,200,22,200,201,71.758
naive,200,23,200,201,67.902
naive,200,24,200,201,72.796
naive,200,25,200,201,65.694
naive,200,26,200,201,68.734
naive,200,27,200,201,69.573
naive,200,28,200,201,76.085
naive,200,29,200,201,72.522
fixed,10,0,200,2,3.383
fixed,10,1,200,2,3.367
fixed,10,2,200,2,3.682
fixed,10,3,200,2,3.45
fixed,10,4,200,2,3.438
fixed,10,5,200,2,3.304
fixed,10,6,200,2,3.137
fixed,10,7,200,2,3.195
fixed,10,8,200,2,3.053
fixed,10,9,200,2,3.04
fixed,10,10,200,2,2.896
fixed,10,11,200,2,2.995
fixed,10,12,200,2,3.071
fixed,10,13,200,2,3.194
fixed,10,14,200,2,2.985
fixed,10,15,200,2,3.284
fixed,10,16,200,2,2.967
fixed,10,17,200,2,3.014
fixed,10,18,200,2,2.982
fixed,10,19,200,2,3.043
fixed,10,20,200,2,3.161
fixed,10,21,200,2,3.099
fixed,10,22,200,2,3.089
fixed,10,23,200,2,2.941
fixed,10,24,200,2,2.875
fixed,10,25,200,2,2.963
fixed,10,26,200,2,2.905
fixed,10,27,200,2,2.76
fixed,10,28,200,2,2.901
fixed,10,29,200,2,2.993
fixed,50,0,200,2,3.975
fixed,50,1,200,2,4.584
fixed,50,2,200,2,4.243
fixed,50,3,200,2,4.542
fixed,50,4,200,2,4.499
fixed,50,5,200,2,4.578
fixed,50,6,200,2,4.756
fixed,50,7,200,2,4.547
fixed,50,8,200,2,4.547
fixed,50,9,200,2,4.474
fixed,50,10,200,2,4.135
fixed,50,11,200,2,4.598
fixed,50,12,200,2,4.284
fixed,50,13,200,2,4.356
fixed,50,14,200,2,4.367
fixed,50,15,200,2,4.211
fixed,50,16,200,2,4.171
fixed,50,17,200,2,4.293
fixed,50,18,200,2,4.299
fixed,50,19,200,2,4.208
fixed,50,20,200,2,4.057
fixed,50,21,200,2,4.515
fixed,50,22,200,2,4.37
fixed,50,23,200,2,4.215
fixed,50,24,200,2,5.05
fixed,50,25,200,2,4.264
fixed,50,26,200,2,4.483
fixed,50,27,200,2,4.165
fixed,50,28,200,2,4.795
fixed,50,29,200,2,4.391
fixed,200,0,200,2,9.094
fixed,200,1,200,2,9.256
fixed,200,2,200,2,8.742
fixed,200,3,200,2,8.822
fixed,200,4,200,2,8.628
fixed,200,5,200,2,8.594
fixed,200,6,200,2,8.42
fixed,200,7,200,2,8.876
fixed,200,8,200,2,8.514
fixed,200,9,200,2,8.618
fixed,200,10,200,2,8.355
fixed,200,11,200,2,8.533
fixed,200,12,200,2,8.597
fixed,200,13,200,2,8.361
fixed,200,14,200,2,8.553
fixed,200,15,200,2,8.586
fixed,200,16,200,2,8.655
fixed,200,17,200,2,8.461
fixed,200,18,200,2,8.83
fixed,200,19,200,2,8.578
fixed,200,20,200,2,8.732
fixed,200,21,200,2,8.684
fixed,200,22,200,2,9.068
fixed,200,23,200,2,8.66
fixed,200,24,200,2,8.923
fixed,200,25,200,2,8.545
fixed,200,26,200,2,9.055
fixed,200,27,200,2,9.284
fixed,200,28,200,2,38.296
fixed,200,29,200,2,9.54
