call_index,failure_rate,tool,query,ok,error,attempts,latency_ms,wall_latency_ms,injected_failures,verify_seed
1,0.0,search_recalls,a,True,,1,142.113,142.121,0,266491
2,0.0,search_recalls,a,True,,1,0.874,0.878,0,266491
3,0.0,search_recalls,a,True,,1,0.746,0.749,0,266491
4,0.0,search_recalls,a,True,,1,0.638,0.641,0,266491
5,0.0,search_recalls,a,True,,1,0.635,0.637,0,266491
6,0.0,search_recalls,a,True,,1,0.632,0.633,0,266491
7,0.0,search_recalls,a,True,,1,0.587,0.588,0,266491
8,0.0,search_recalls,a,True,,1,0.773,0.776,0,266491
9,0.0,search_recalls,a,True,,1,0.593,0.595,0,266491
10,0.0,search_recalls,a,True,,1,0.566,0.567,0,266491
11,0.0,search_recalls,a,True,,1,0.569,0.57,0,266491
12,0.0,search_recalls,a,True,,1,0.545,0.546,0,266491
13,0.0,search_recalls,a,True,,1,0.536,0.537,0,266491
14,0.0,search_recalls,a,True,,1,0.556,0.559,0,266491
15,0.0,search_recalls,a,True,,1,0.958,0.96,0,266491
16,0.0,search_recalls,a,True,,1,0.58,0.582,0,266491
17,0.0,search_recalls,a,True,,1,0.578,0.58,0,266491
18,0.0,search_recalls,a,True,,1,0.567,0.569,0,266491
19,0.0,search_recalls,a,True,,1,0.55,0.552,0,266491
20,0.0,search_recalls,a,True,,1,0.618,0.619,0,266491
21,0.0,search_recalls,a,True,,1,0.548,0.549,0,266491
22,0.0,search_recalls,a,True,,1,0.548,0.549,0,266491
23,0.0,search_recalls,a,True,,1,0.566,0.568,0,266491
24,0.0,search_recalls,a,True,,1,0.587,0.588,0,266491
25,0.0,search_recalls,a,True,,1,0.552,0.553,0,266491
26,0.0,search_recalls,a,True,,1,0.542,0.544,0,266491
27,0.0,search_recalls,a,True,,1,0.531,0.533,0,266491
28,0.0,search_recalls,a,True,,1,0.507,0.508,0,266491
29,0.0,search_recalls,a,True,,1,0.543,0.544,0,266491
30,0.0,search_recalls,a,True,,1,0.505,0.506,0,266491
31,0.0,search_recalls,a,True,,1,0.514,0.516,0,266491
32,0.0,search_recalls,a,True,,1,0.505,0.506,0,266491
33,0.0,search_recalls,a,True,,1,0.497,0.498,0,266491
34,0.0,search_recalls,a,True,,1,0.501,0.502,0,266491
35,0.0,search_recalls,a,True,,1,0.548,0.549,0,266491
36,0.0,search_recalls,a,True,,1,0.583,0.585,0,266491
37,0.0,search_recalls,a,True,,1,0.593,0.595,0,266491
38,0.0,search_recalls,a,True,,1,0.545,0.547,0,266491
39,0.0,search_recalls,a,True,,1,0.53,0.531,0,266491
40,0.0,search_recalls,a,True,,1,0.539,0.54,0,266491
41,0.0,search_recalls,a,True,,1,0.533,0.534,0,266491
42,0.0,search_recalls,a,True,,1,0.533,0.534,0,266491
43,0.0,search_recalls,a,True,,1,0.526,0.527,0,266491
44,0.0,search_recalls,a,True,,1,0.541,0.542,0,266491
45,0.0,search_recalls,a,True,,1,0.531,0.532,0,266491
46,0.0,search_recalls,a,True,,1,0.525,0.527,0,266491
47,0.0,search_recalls,a,True,,1,0.96,0.963,0,266491
48,0.0,search_recalls,a,True,,1,0.665,0.667,0,266491
49,0.0,search_recalls,a,True,,1,0.501,0.502,0,266491
50,0.0,search_recalls,a,True,,1,0.485,0.486,0,266491
1,0.2,search_recalls,a,True,,1,0.525,0.526,0,266491
2,0.2,search_recalls,a,True,,1,0.491,0.492,0,266491
3,0.2,search_recalls,a,True,,1,0.524,0.526,0,266491
4,0.2,search_recalls,a,True,,1,0.493,0.495,0,266491
5,0.2,search_recalls,a,True,,3,159.229,159.235,2,266491
6,0.2,search_recalls,a,True,,1,0.769,0.773,0,266491
7,0.2,search_recalls,a,True,,1,0.811,0.814,0,266491
8,0.2,search_recalls,a,True,,2,57.65,57.666,1,266491
9,0.2,search_recalls,a,True,,2,54.951,54.958,1,266491
10,0.2,search_recalls,a,True,,1,1.667,1.676,0,266491
11,0.2,search_recalls,a,True,,1,1.713,1.721,0,266491
12,0.2,search_recalls,a,True,,2,55.883,55.892,1,266491
13,0.2,search_recalls,a,True,,1,1.831,1.84,0,266491
14,0.2,search_recalls,a,True,,2,55.989,55.996,1,266491
15,0.2,search_recalls,a,True,,1,1.059,1.066,0,266491
16,0.2,search_recalls,a,True,,1,0.927,0.931,0,266491
17,0.2,search_recalls,a,True,,1,0.838,0.842,0,266491
18,0.2,search_recalls,a,True,,2,58.565,58.574,1,266491
19,0.2,search_recalls,a,True,,1,1.984,1.995,0,266491
20,0.2,search_recalls,a,True,,1,1.241,1.247,0,266491
21,0.2,search_recalls,a,True,,1,1.441,1.447,0,266491
22,0.2,search_recalls,a,True,,1,1.499,1.505,0,266491
23,0.2,search_recalls,a,True,,1,1.418,1.425,0,266491
24,0.2,search_recalls,a,True,,1,1.352,1.357,0,266491
25,0.2,search_recalls,a,True,,1,1.4,1.404,0,266491
26,0.2,search_recalls,a,True,,1,1.342,1.346,0,266491
27,0.2,search_recalls,a,True,,1,1.33,1.334,0,266491
28,0.2,search_recalls,a,True,,1,0.835,0.838,0,266491
29,0.2,search_recalls,a,True,,1,2.281,2.284,0,266491
30,0.2,search_recalls,a,True,,1,0.798,0.801,0,266491
31,0.2,search_recalls,a,True,,1,0.851,0.854,0,266491
32,0.2,search_recalls,a,True,,2,55.766,55.776,1,266491
33,0.2,search_recalls,a,True,,1,1.775,1.784,0,266491
34,0.2,search_recalls,a,True,,1,1.648,1.656,0,266491
35,0.2,search_recalls,a,True,,3,155.005,155.013,2,266491
36,0.2,search_recalls,a,True,,2,58.283,58.296,1,266491
37,0.2,search_recalls,a,True,,1,1.972,1.983,0,266491
38,0.2,search_recalls,a,True,,1,1.806,1.815,0,266491
39,0.2,search_recalls,a,True,,1,1.558,1.565,0,266491
40,0.2,search_recalls,a,True,,1,1.384,1.39,0,266491
41,0.2,search_recalls,a,True,,1,1.429,1.435,0,266491
42,0.2,search_recalls,a,True,,1,1.324,1.329,0,266491
43,0.2,search_recalls,a,True,,2,52.608,52.616,1,266491
44,0.2,search_recalls,a,True,,1,1.068,1.074,0,266491
45,0.2,search_recalls,a,True,,2,57.533,57.542,1,266491
46,0.2,search_recalls,a,True,,1,1.831,1.841,0,266491
47,0.2,search_recalls,a,True,,1,1.468,1.475,0,266491
48,0.2,search_recalls,a,True,,1,1.378,1.384,0,266491
49,0.2,search_recalls,a,True,,1,1.377,1.383,0,266491
50,0.2,search_recalls,a,True,,1,0.776,0.78,0,266491
1,0.5,search_recalls,a,True,,2,58.186,58.195,1,266491
2,0.5,search_recalls,a,True,,1,1.837,1.847,0,266491
3,0.5,search_recalls,a,True,,3,162.81,162.82,2,266491
4,0.5,search_recalls,a,True,,1,2.128,2.139,0,266491
5,0.5,search_recalls,a,True,,1,1.742,1.749,0,266491
6,0.5,search_recalls,a,True,,2,57.411,57.42,1,266491
7,0.5,search_recalls,a,True,,1,1.095,1.102,0,266491
8,0.5,search_recalls,a,True,,1,0.831,0.835,0,266491
9,0.5,search_recalls,a,True,,1,0.779,0.781,0,266491
10,0.5,search_recalls,a,True,,1,0.748,0.751,0,266491
11,0.5,search_recalls,a,True,,1,2.649,2.653,0,266491
12,0.5,search_recalls,a,True,,1,0.89,0.894,0,266491
13,0.5,search_recalls,a,False,simulated storage failure on attempt 3,3,157.059,157.072,3,266491
14,0.5,search_recalls,a,False,simulated storage failure on attempt 3,3,157.982,157.998,3,266491
15,0.5,search_recalls,a,True,,1,3.013,3.024,0,266491
16,0.5,search_recalls,a,True,,3,163.601,163.612,2,266491
17,0.5,search_recalls,a,True,,2,55.038,55.052,1,266491
18,0.5,search_recalls,a,True,,2,58.265,58.278,1,266491
19,0.5,search_recalls,a,True,,2,58.707,58.72,1,266491
20,0.5,search_recalls,a,True,,1,1.634,1.643,0,266491
21,0.5,search_recalls,a,True,,1,1.01,1.014,0,266491
22,0.5,search_recalls,a,True,,1,0.833,0.837,0,266491
23,0.5,search_recalls,a,False,simulated storage failure on attempt 3,3,156.224,156.236,3,266491
24,0.5,search_recalls,a,True,,1,2.969,2.98,0,266491
25,0.5,search_recalls,a,True,,2,58.004,58.015,1,266491
26,0.5,search_recalls,a,True,,1,1.558,1.567,0,266491
27,0.5,search_recalls,a,True,,1,0.963,0.968,0,266491
28,0.5,search_recalls,a,True,,3,159.518,159.526,2,266491
29,0.5,search_recalls,a,True,,1,1.817,1.827,0,266491
30,0.5,search_recalls,a,True,,1,1.005,1.009,0,266491
31,0.5,search_recalls,a,True,,1,1.009,1.014,0,266491
32,0.5,search_recalls,a,True,,1,0.9,0.904,0,266491
33,0.5,search_recalls,a,True,,1,0.898,0.902,0,266491
34,0.5,search_recalls,a,False,simulated storage failure on attempt 3,3,156.335,156.346,3,266491
35,0.5,search_recalls,a,True,,1,2.939,2.949,0,266491
36,0.5,search_recalls,a,True,,2,58.175,58.186,1,266491
37,0.5,search_recalls,a,True,,3,162.402,162.413,2,266491
38,0.5,search_recalls,a,True,,1,1.656,1.665,0,266491
39,0.5,search_recalls,a,True,,1,1.649,1.656,0,266491
40,0.5,search_recalls,a,True,,1,1.502,1.509,0,266491
41,0.5,search_recalls,a,True,,1,1.406,1.411,0,266491
42,0.5,search_recalls,a,True,,1,1.564,1.572,0,266491
43,0.5,search_recalls,a,True,,2,57.762,57.77,1,266491
44,0.5,search_recalls,a,True,,2,58.198,58.209,1,266491
45,0.5,search_recalls,a,True,,1,1.691,1.699,0,266491
46,0.5,search_recalls,a,True,,1,1.019,1.024,0,266491
47,0.5,search_recalls,a,True,,1,2.32,2.323,0,266491
48,0.5,search_recalls,a,True,,2,55.381,55.39,1,266491
49,0.5,search_recalls,a,True,,3,163.63,163.642,2,266491
50,0.5,search_recalls,a,True,,1,1.479,1.489,0,266491
